facet,index,rank_within_facet,selected,selected_index_for_facet,group,relevance_mean,clarity_mean,decision_rule,wording_source,final_wording,question,edited_question,feedback,excel_row,clarity_response_count,relevance_response_count,clarity_std,relevance_std,clarity_ci,relevance_ci,clarity_median,relevance_median,clarity_rwg,relevance_rwg
F1,F1Q3,1,yes,F1Q3,group1,3.67,3.81,Selected by higher relevance mean,Question,"Sometimes people adjust what they say because they want others to like them or think well of them. In general, when someone close to you asks for your honest opinion but you suspect being fully honest might make you less likable or less accepted, how do you usually respond? Do you tend to be straightforward, or adjust your words to keep harmony? If it helps, you can share an example that shows what’s most typical for you.","Sometimes people adjust what they say because they want others to like them or think well of them. In general, when someone close to you asks for your honest opinion but you suspect being fully honest might make you less likable or less accepted, how do you usually respond? Do you tend to be straightforward, or adjust your words to keep harmony? If it helps, you can share an example that shows what’s most typical for you.",,"- this questioned seems off. It took me a couple of rereads to fully understand
 - Very straightforward, and not having them choose to portray themselves negatively.
 - My comment for the overall topic, not this specific question, is that it can be difficult in a self-survey for someone to maybe admit to themselves that they aren't sincere or that they are manipulative. People could lie on this one to preserve their subconscious.
 - I think the question is relevant to being sincere.",4,21.0,21.0,0.39,0.47,"(3.64, 3.98)","(3.47, 3.87)",4.0,4.0,0.88,0.82
F1,F1Q2,2,no,F1Q3,group1,3.52,3.9,,Edited Question,"People sometimes act more friendly or flattering than they truly feel in order to gain something, like support, approval, or a favor. In general, what do you usually do if you need a favor or support from someone? Do you tend to act nicer than you feel, or do you usually express your true thoughts even if it might not please the other person? What thoughts or feelings typically guide your choice? If it helps, you can share an example that shows what’s most typical for you.","People sometimes act more friendly or flattering than they truly feel in order to gain something—like support, approval, or a favor. In general, what do you usually do if you need a favor or support from someone? Do you tend to act nicer than you feel, or do you usually stay fully authentic? What thoughts or feelings typically guide your choice? If it helps, you can share an example that shows what’s most typical for you.","People sometimes act more friendly or flattering than they truly feel in order to gain something, like support, approval, or a favor. In general, what do you usually do if you need a favor or support from someone? Do you tend to act nicer than you feel, or do you usually express your true thoughts even if it might not please the other person? What thoughts or feelings typically guide your choice? If it helps, you can share an example that shows what’s most typical for you.","- I think this will elicit more info than the 1st one because it can show them as more sincere instead of ""using"" someone.
 - I don't think the question is relevant to sincerity. 
 - I think defining “authentic” with an example might elicit a better response.",3,21.0,21.0,0.29,0.79,"(3.78, 4.03)","(3.18, 3.86)",4.0,4.0,0.93,0.5
F2,F2Q2,1,yes,F2Q2,group1,3.52,3.71,Selected by higher relevance mean,Question,"There are situations where people can gain an advantage—like a reward, a better grade, or praise—by bending or breaking rules, especially when the risk of getting caught is low. In general, if you face that kind of situation, how do you usually decide what to do? Do you tend to follow the rules, or sometimes consider breaking them? What usually influences your decision? If it helps, you can share an example that reflects what’s most typical for you.","There are situations where people can gain an advantage—like a reward, a better grade, or praise—by bending or breaking rules, especially when the risk of getting caught is low. In general, if you face that kind of situation, how do you usually decide what to do? Do you tend to follow the rules, or sometimes consider breaking them? What usually influences your decision? If it helps, you can share an example that reflects what’s most typical for you.",,"- This question sounds like its asking about honesty rather than fairness.
 - What influences your decision?  Good to elicit info.",6,21.0,21.0,0.7,0.79,"(3.41, 4.01)","(3.18, 3.86)",4.0,4.0,0.61,0.5
F2,F2Q1,2,no,F2Q2,group1,3.33,3.67,,Edited Question,"Sometimes, people receive something that wasn’t meant for them, like a mistaken refund or getting access to something without paying. In general, if you are in that kind of situation, do you usually keep it or return it? What thoughts or feelings usually guide your choice? If it helps, you can share an example that shows what’s most typical for you.","Sometimes, people receive something they didn’t earn—like a mistaken refund or getting access to something without paying. In general, if you are in that kind of situation, do you usually keep it or return it? What thoughts or feelings usually guide your choice? If it helps, you can share an example that shows what’s most typical for you.","Sometimes, people receive something that wasn’t meant for them, like a mistaken refund or getting access to something without paying. In general, if you are in that kind of situation, do you usually keep it or return it? What thoughts or feelings usually guide your choice? If it helps, you can share an example that shows what’s most typical for you.","- This question sounds like its asking about honesty rather than fairness.
 - Instead of putting “something they didn’t earn”, I would say “something that wasn’t meant for them”.
 - What guides your choice will elicit info.
 - I don't know that this is about fraud and corruption, maybe it is a little bit.",5,21.0,21.0,0.56,0.78,"(3.43, 3.91)","(3.00, 3.67)",4.0,4.0,0.75,0.52
F3,F3Q1,1,yes,F3Q1,group2,3.15,3.25,Relevance tie; selected by higher clarity mean,Edited Question,"Sometimes people consider buying something expensive, like luxury clothing, new electronics, or a special experience, even if they don’t really need it. When you face that kind of choice, what usually goes through your mind, and what do you usually decide?
If it helps, you can share an example that shows what’s most typical for you.","Sometimes people consider buying something expensive—like luxury clothing, new electronics, or a special experience—even if they don’t really need it. In general, if you face that kind of choice, what usually goes through your mind, and what do you usually decide? How does your decision typically reflect what is most important to you?
If it helps, you can share an example that shows what’s most typical for you.","Sometimes people consider buying something expensive, like luxury clothing, new electronics, or a special experience, even if they don’t really need it. When you face that kind of choice, what usually goes through your mind, and what do you usually decide?
If it helps, you can share an example that shows what’s most typical for you.","- The variety of questions throughout the prompt will provide a variety of responses. The only thing that might decrease the responses is the ""If it helps"" part. People may not be likely to respond to that optional part. Also the ""even if they don’t really need it."" as well as ""How does your decision typically reflect what is most important to you?"" might make people change their answers to reflect more of an ideal version of themselves rather than the truth.
 - Overall, this question has too many parts. 
 - It is clear on how they want to know how we treat ourself but I don't understand how it relates to greed avoidance.
 - Again, I feel the question is fine, but the response may vary. Solely based off what a person may want to be perceived as. 
 - I would think receiving this question in an interview would signal to me they don't help or assist their employees in financial hardship. 
 - the question does seem pretty long but i like that it says i could provide my own example to the question.",7,20.0,20.0,0.94,0.91,"(2.84, 3.66)","(2.75, 3.55)",4.0,3.5,0.29,0.34
F3,F3Q2,2,no,F3Q1,group2,3.15,3.15,,Question,"Sometimes we find ourselves in settings where others show signs of wealth or high status—through what they wear, drive, or talk about. In general, if you are in that kind of environment, how do you usually feel, and does it influence what you think is important or the goals you want to pursue?
If it helps, you can share an example that shows what’s most typical for you.","Sometimes we find ourselves in settings where others show signs of wealth or high status—through what they wear, drive, or talk about. In general, if you are in that kind of environment, how do you usually feel, and does it influence what you think is important or the goals you want to pursue?
If it helps, you can share an example that shows what’s most typical for you.",,"- I'm unsure if this comes across to anyone reading what information you are trying to evoke.
 - Clarify ""goals you want to pursue""
 - It is not clear on how these relate to greed, but rather having different priorities.",8,20.0,20.0,0.73,0.65,"(2.83, 3.47)","(2.86, 3.44)",3.0,3.0,0.58,0.66
F4,F4Q3,1,yes,F4Q3,group2,3.3,3.5,Selected by higher relevance mean,Edited Question,"In settings like school, work, or team projects, people often contribute at different levels. For instance, you might work especially hard and contribute more than most people in the group. In general, if you feel you clearly outperformed others around you, what are your usual thoughts and feelings in that situation? How do you usually respond if others don’t notice your contribution? Does it typically influence how you see yourself or how you behave afterward?
If it helps, you can share an example that reflects what’s most typical for you.","In settings like school, work, or team projects, people often contribute at different levels. In general, if you feel you clearly outperformed others around you, what are your usual thoughts and feelings in that situation? How do you usually respond if others don’t notice your contribution? Does it typically influence how you see yourself or how you behave afterward?
If it helps, you can share an example that reflects what’s most typical for you.","In settings like school, work, or team projects, people often contribute at different levels. For instance, you might work especially hard and contribute more than most people in the group. In general, if you feel you clearly outperformed others around you, what are your usual thoughts and feelings in that situation? How do you usually respond if others don’t notice your contribution? Does it typically influence how you see yourself or how you behave afterward?
If it helps, you can share an example that reflects what’s most typical for you.",- I feel for this question there should be an example included or a scenario for the student to imagine the situation they are in and to determine how they would feel in that certain situation. As it will allow the reader to gain a better insight into how they would react in that situation and develop more thoughts and response to this question.,10,20.0,20.0,0.59,0.78,"(3.24, 3.76)","(2.96, 3.64)",4.0,3.0,0.72,0.51
F4,F4Q1,2,no,F4Q3,group2,3.15,3.45,,Edited Question,"Sometimes, people are given special privileges—like skipping a line, receiving VIP treatment, or being treated differently because of their status, title, or accomplishments. In general, if you are offered or expected to receive that kind of special treatment, how do you usually feel and respond?
If it helps, you can share an example that shows what’s most typical for you.","Sometimes, people are given special privileges—like skipping a line, receiving VIP treatment, or being treated differently because of their status, title, or accomplishments. In general, if you are offered or expected to receive that kind of special treatment, how do you usually respond? How do you usually feel about it, and what do you usually do?
If it helps, you can share an example that shows what’s most typical for you.","Sometimes, people are given special privileges—like skipping a line, receiving VIP treatment, or being treated differently because of their status, title, or accomplishments. In general, if you are offered or expected to receive that kind of special treatment, how do you usually feel and respond?
If it helps, you can share an example that shows what’s most typical for you.","- While reading the prompt I could understand the situation clearly and understand the direction it had to tie to the topic of modesty. However, the last two questions were a bit confusing to me as it felt like it was repeating the same questions in just two different forms to receive the same answer from us the students. 
 - Again the ""If it helps"" statement can limit the amount of in-depth responses you receive. (I also want to note in the Example Items section above, I think you have a typing error with the numbers if that is something that needs to be fixed.)",9,20.0,20.0,0.67,0.73,"(3.16, 3.74)","(2.83, 3.47)",4.0,3.0,0.64,0.58
F5,F5Q1,1,yes,F5Q1,group1,3.67,3.86,Selected by higher relevance mean,Question,"Sometimes we need to go somewhere despite unsafe or risky conditions—like driving through a snowstorm, walking alone at night, or traveling during a weather alert. In general, if you face that kind of situation, how much fear do you usually feel, and how does it usually affect what you decide to do? If it helps, you can share an example that shows what’s most typical for you.","Sometimes we need to go somewhere despite unsafe or risky conditions—like driving through a snowstorm, walking alone at night, or traveling during a weather alert. In general, if you face that kind of situation, how much fear do you usually feel, and how does it usually affect what you decide to do? If it helps, you can share an example that shows what’s most typical for you.",,"- questions seemed a bit off, but did convey the construct well enough",11,21.0,21.0,0.35,0.47,"(3.71, 4.01)","(3.47, 3.87)",4.0,4.0,0.9,0.82
F5,F5Q2,2,no,F5Q1,group1,3.57,3.81,,Edited Question,"Sometimes people are invited or encouraged to do things that carry a chance of getting hurt—like a challenging sport, a physically demanding task, or another activity that feels unsafe. In general, if you are invited or encouraged to do such things, how comfortable or uneasy do you usually feel, and how does that feeling typically affect what you choose to do? If it helps, you can share an example that reflects what’s most typical for you.","Sometimes people are invited or encouraged to do things that carry a chance of getting hurt—like a challenging sport, a physically demanding task, or another activity that feels unsafe. In general, if you are invited or encourageed to do such things, how fearful do you usually feel, and how does that fear typically affect what you choose to do? If it helps, you can share an example that reflects what’s most typical for you.","Sometimes people are invited or encouraged to do things that carry a chance of getting hurt—like a challenging sport, a physically demanding task, or another activity that feels unsafe. In general, if you are invited or encouraged to do such things, how comfortable or uneasy do you usually feel, and how does that feeling typically affect what you choose to do? If it helps, you can share an example that reflects what’s most typical for you.","- Rich questions.  Encouraged only has 1 e at the end, not 2 (""encourageed"")
 - I like the questions I just feel as though the use of the terms we’re looking for is a little too on the nose and could potentially cause some conflict within the subject and not be as truthful unintentionally",12,21.0,21.0,0.66,0.79,"(3.53, 4.09)","(3.23, 3.91)",4.0,4.0,0.65,0.5
F6,F6Q1,1,yes,F6Q1,group1,3.76,3.71,Selected by higher relevance mean,Edited Question,"Waiting to hear back about something important—like an application, a decision, or news—can make some people anxious. In general, if you are waiting for an outcome and aren’t sure what will happen, what thoughts and feelings do you usually have, and how does it affect what you do? If it helps, you can share an example that shows what’s most typical for you.","Waiting to hear back about something important—like an application, a decision, or news—can make some people anxious, while others stay calm. In general, if you are waiting for an outcome and aren’t sure what will happen, what thoughts and feelings do you usually experience, and how does it usually affect your behavior? If it helps, you can share an example that shows what’s most typical for you.","Waiting to hear back about something important—like an application, a decision, or news—can make some people anxious. In general, if you are waiting for an outcome and aren’t sure what will happen, what thoughts and feelings do you usually have, and how does it affect what you do? If it helps, you can share an example that shows what’s most typical for you.","- question is a bit clunky. took me a couple rereads to understand
 - Share an example of... will force more info.
 - I think this is on track with worrying in a situation.
 - I would personally take out the part that says “while others stay calm” because that might subconsciously lead people to want to portray themselves as “normal” and avoid cognitive dissonance if they believe that their not an anxious person",13,21.0,21.0,0.55,0.53,"(3.48, 3.95)","(3.54, 3.99)",4.0,4.0,0.76,0.78
F6,F6Q3,2,no,F6Q1,group1,3.52,3.81,,Question,"In daily life, small things sometimes go wrong—like forgetting something, making a minor mistake, or getting critical feedback. In general, when that happens to you, what thoughts or worries do you usually have in the moment, and how long do they usually stay with you—do they pass quickly, or linger and affect you longer?
If it helps, you can share an example that shows what’s most typical for you.","In daily life, small things sometimes go wrong—like forgetting something, making a minor mistake, or getting critical feedback. In general, when that happens to you, what thoughts or worries do you usually have in the moment, and how long do they usually stay with you—do they pass quickly, or linger and affect you longer?
If it helps, you can share an example that shows what’s most typical for you.",,"- this question is also a bit clunky. took me a couple rereads to understand
 - Lends itself to pretty short answers.
 - It talks about worries so I think it's relevant.",14,21.0,21.0,0.5,0.73,"(3.60, 4.02)","(3.21, 3.84)",4.0,4.0,0.8,0.57
F7,F7Q2,1,yes,F7Q2,group2,3.6,3.65,Selected by higher relevance mean,Question,"Sometimes when people feel anxious or worried, they immediately talk to someone they trust, while others keep it to themselves. If you are feeling anxious or worried, how do you usually respond—do you tend to share it or keep it private? How does that choice usually affect how you feel afterward?
Could you share an example that reflects your typical response.","Sometimes when people feel anxious or worried, they immediately talk to someone they trust, while others keep it to themselves. If you are feeling anxious or worried, how do you usually respond—do you tend to share it or keep it private? How does that choice usually affect how you feel afterward?
Could you share an example that reflects your typical response.",,,16,20.0,20.0,0.57,0.66,"(3.40, 3.90)","(3.31, 3.89)",4.0,4.0,0.74,0.65
F7,F7Q1,2,no,F7Q2,group2,3.5,3.4,,Question,"During times of stress or uncertainty—like waiting for results, facing an unresolved issue, or managing a complex situation—if something is on your mind and you’re unsure how it will turn out, how do you usually feel about sharing it with others? Do you tend to keep it to yourself, or involve someone else? What usually helps you most in those situations?
If you’d like, you can share an example that shows how this usually plays out for you.","During times of stress or uncertainty—like waiting for results, facing an unresolved issue, or managing a complex situation—if something is on your mind and you’re unsure how it will turn out, how do you usually feel about sharing it with others? Do you tend to keep it to yourself, or involve someone else? What usually helps you most in those situations?
If you’d like, you can share an example that shows how this usually plays out for you.",,"- Question 2 might be a bit better.
 - Since there are many descriptions and questions I got confuse about what the actual question is",15,20.0,20.0,0.73,0.67,"(3.08, 3.72)","(3.21, 3.79)",4.0,4.0,0.57,0.64
F8,F8Q3,1,yes,F8Q3,group2,3.55,3.37,Selected by higher relevance mean,Edited Question,"Events like weddings, reunions, or even reflecting on old photos can bring up strong feelings for some people, while others stay more neutral. If you are in a symbolic or nostalgic moment with people you care about, how do you usually feel—do you become strongly moved, or stay more neutral? How does it typically affect your sense of closeness or attachment to others? You can share an example that shows how you usually react in those situations.","Events like weddings, reunions, or even reflecting on old photos can bring up strong feelings for some people, while others stay more neutral. If you are in a symbolic or nostalgic moment with people you care about, how do you usually feel—do you become strongly moved, or stay more neutral? How does it typically affect your sense of closeness or attachment to others?
If you’d like, you can give an example that shows how you usually react in those situations.","Events like weddings, reunions, or even reflecting on old photos can bring up strong feelings for some people, while others stay more neutral. If you are in a symbolic or nostalgic moment with people you care about, how do you usually feel—do you become strongly moved, or stay more neutral? How does it typically affect your sense of closeness or attachment to others? You can share an example that shows how you usually react in those situations.","- So many, ""if you'd likes""",18,19.0,20.0,0.74,0.59,"(3.04, 3.70)","(3.29, 3.81)",4.0,4.0,0.56,0.72
F8,F8Q2,2,no,F8Q3,group2,3.44,3.47,,Question,"When someone important in our life is going away—like moving to a new place, leaving a job, graduating, or even being apart for a long trip—some people feel very emotional, while others don’t react as strongly. If you have to say goodbye to someone close to you, how do you usually feel, and how do you tend to express those feelings?
If you’d like, you can describe a time that reflects your typical way of handling goodbyes.","When someone important in our life is going away—like moving to a new place, leaving a job, graduating, or even being apart for a long trip—some people feel very emotional, while others don’t react as strongly. If you have to say goodbye to someone close to you, how do you usually feel, and how do you tend to express those feelings?
If you’d like, you can describe a time that reflects your typical way of handling goodbyes.",,- Could lead to not as many in-depth answers.,17,19.0,18.0,0.68,0.6,"(3.17, 3.78)","(3.17, 3.72)",4.0,3.5,0.63,0.71
F9,F9Q2,1,yes,F9Q2,group1,3.71,3.67,Selected by higher relevance mean,Edited Question,"After social events—like a conversation, party, or class discussion—some people reflect on how they came across, while others don’t think much about it. When you’ve just been in a group interaction, how often do you think about how you came across to others? How does that usually make you feel about yourself, and does it affect what you say or do afterward? You can share an example that shows how you usually respond.","After social events—like a conversation, party, or class discussion—some people reflect on how they came across, while others don’t think much about it. After a group interaction, how often do you usually reflect on how you came across to others? When you do, how does it typically affect how you feel about yourself, and does it influence what you say or do afterward?
Could you give an example that shows how you usually respond?","After social events—like a conversation, party, or class discussion—some people reflect on how they came across, while others don’t think much about it. When you’ve just been in a group interaction, how often do you think about how you came across to others? How does that usually make you feel about yourself, and does it affect what you say or do afterward? You can share an example that shows how you usually respond.","- The questions are a little too wordy. Maybe rephrase or eliminate information.
 - Although this question can be used to assess self-esteem, I think it better measures self-perception and the looking-glass self theory.
 - I feel like it can get a bit confusing for some people because of how wordy it is.
 - This question I feel like started off with self-esteem but then changed to more self reflection.",20,21.0,21.0,0.78,0.55,"(3.33, 4.00)","(3.48, 3.95)",4.0,4.0,0.52,0.76
F9,F9Q1,2,no,F9Q2,group1,3.67,3.62,,Question,"In social situations—like group projects, team meetings, or informal gatherings—people often get a sense of whether others enjoy being around them. When you are in a group setting—like a class, meeting, or social gathering—how do you usually notice others’ reactions to you? What kinds of impressions do you tend to form, and how does that usually affect how you feel or act in the moment? If you’d like, you can describe an example that shows what is most typical for you.","In social situations—like group projects, team meetings, or informal gatherings—people often get a sense of whether others enjoy being around them. When you are in a group setting—like a class, meeting, or social gathering—how do you usually notice others’ reactions to you? What kinds of impressions do you tend to form, and how does that usually affect how you feel or act in the moment? If you’d like, you can describe an example that shows what is most typical for you.",,"- This could elicit a lot of information.
 - I think this follows along with self-esteem.",19,21.0,21.0,0.79,0.64,"(3.28, 3.95)","(3.39, 3.94)",4.0,4.0,0.51,0.67
F10,F10Q1,1,yes,F10Q1,group1,3.81,3.95,Selected by higher relevance mean,Question,"When meeting someone new—at work, events, or in public—some people start conversations easily, while others feel hesitant. In general, when you meet someone new, how do you usually approach the situation—do you introduce yourself and join in easily, or do you feel more hesitant? How comfortable or nervous do you typically feel, and how does that affect what you do?
If you’d like, you can share an example that reflects your usual approach.","When meeting someone new—at work, events, or in public—some people start conversations easily, while others feel hesitant. In general, when you meet someone new, how do you usually approach the situation—do you introduce yourself and join in easily, or do you feel more hesitant? How comfortable or nervous do you typically feel, and how does that affect what you do?
If you’d like, you can share an example that reflects your usual approach.",,"- Concise, clear, it targets the same feelings and the same purpose. 
 - Give an example of a time...
 - It's relevant to social situations.",21,21.0,21.0,0.21,0.39,"(3.86, 4.04)","(3.64, 3.98)",4.0,4.0,0.96,0.88
F10,F10Q2,2,no,F10Q1,group1,3.67,3.86,,Edited Question,"Many people have had to speak in front of a group—like during a presentation, team meeting, or class discussion. Some feel energized by it, while others feel self-conscious or anxious. In general, when you have to speak up in a group setting, how comfortable or nervous do you usually feel? Does that feeling stay fairly consistent for you, or does it change depending on the situation? You can describe a time that shows how you usually respond.","Many people have had to speak in front of a group—like during a presentation, team meeting, or class discussion. Some feel energized by it, while others feel self-conscious or anxious. In general, when you have to speak up in a group setting, how comfortable or nervous do you usually feel? Does that reaction tend to be typical for you, or does it vary depending on the situation?
If helpful, you can describe a time that shows how you usually respond.","Many people have had to speak in front of a group—like during a presentation, team meeting, or class discussion. Some feel energized by it, while others feel self-conscious or anxious. In general, when you have to speak up in a group setting, how comfortable or nervous do you usually feel? Does that feeling stay fairly consistent for you, or does it change depending on the situation? You can describe a time that shows how you usually respond.","- Targeting different things at once, confused both variables. 
 - It's asking about comfort in a social situations so I think it's relevant.",22,21.0,21.0,0.47,0.71,"(3.66, 4.06)","(3.36, 3.97)",4.0,4.0,0.83,0.59
F11,F11Q1,1,yes,F11Q1,group2,3.5,3.35,Selected by higher relevance mean,Question,"People differ in how much they enjoy casual conversation in everyday situations—like waiting in line, sitting next to someone, or meeting new people. In general, what do you usually do in those situations—do you strike up small talk or prefer to keep to yourself? How do you usually feel about it?
If you’d like, you can share an example that reflects what feels most natural for you.","People differ in how much they enjoy casual conversation in everyday situations—like waiting in line, sitting next to someone, or meeting new people. In general, what do you usually do in those situations—do you strike up small talk or prefer to keep to yourself? How do you usually feel about it?
If you’d like, you can share an example that reflects what feels most natural for you.",,"- Its very clear on how they want to understand how we personally like to socialize.
 - I think this question may vary between genders, as women are less likely to strike up a conversation with strangers for safety reasons, rather than a lack of sociability.",23,20.0,20.0,0.79,0.59,"(3.00, 3.70)","(3.24, 3.76)",4.0,4.0,0.5,0.72
F11,F11Q2,2,no,F11Q1,group2,3.45,3.4,,Question,"Some people enjoy being in settings with lots of interaction—like parties, group hangouts, or busy travel experiences—while others prefer quieter, more solitary environments. In general, when you are in highly social settings, how do you usually experience them—do you enjoy the energy, or do you prefer to find some space for yourself? Do you typically seek out these gatherings, or prefer quieter ways of spending your time?
If helpful, you can describe an example that shows your usual experience.","Some people enjoy being in settings with lots of interaction—like parties, group hangouts, or busy travel experiences—while others prefer quieter, more solitary environments. In general, when you are in highly social settings, how do you usually experience them—do you enjoy the energy, or do you prefer to find some space for yourself? Do you typically seek out these gatherings, or prefer quieter ways of spending your time?
If helpful, you can describe an example that shows your usual experience.",,- It is clear on how they want to know how personally connect with others at parties.,24,20.0,20.0,0.8,0.67,"(3.05, 3.75)","(3.16, 3.74)",4.0,4.0,0.49,0.64
F12,F12Q1,1,yes,F12Q1,group2,3.4,3.6,Relevance tie; selected by higher clarity mean,Question,"People vary in how much energy and enthusiasm they bring to daily life. Some tend to feel upbeat and energized, while others are more low-key or subdued most of the time. In general, thinking about your usual routines—whether at work, school, or in daily life—how would you describe your typical mood and energy level?
If you’d like, you can share an example that illustrates what feels most typical for you.","People vary in how much energy and enthusiasm they bring to daily life. Some tend to feel upbeat and energized, while others are more low-key or subdued most of the time. In general, thinking about your usual routines—whether at work, school, or in daily life—how would you describe your typical mood and energy level?
If you’d like, you can share an example that illustrates what feels most typical for you.",,"- I think the question could improve by inserting another question that will make the reader go into deeper in their responses to gain more insight of their lividness. So adding at least another question such as ""How would your friend or family member describe you in their perspective?"" as an example. 
 - this question, if used for hiring, might get candidates to answer more towards higher liveliness scores in hopes that will improve their chances of getting hired.
 - wouldn't say it is rich in the subject but very straight forward",25,20.0,20.0,0.49,0.66,"(3.39, 3.81)","(3.11, 3.69)",4.0,3.5,0.81,0.65
F12,F12Q2,2,no,F12Q1,group2,3.4,3.55,,Question,"People often have impressions of how energetic or lively someone seems in daily life. In general, thinking about your own everyday behavior—whether in social settings, at work, or in casual interactions—how do you think your usual energy and enthusiasm come across to others? How does reflecting on this make you feel, and how do you think your behavior reflects your level of liveliness?
You may include an example if it helps show your typical style.","People often have impressions of how energetic or lively someone seems in daily life. In general, thinking about your own everyday behavior—whether in social settings, at work, or in casual interactions—how do you think your usual energy and enthusiasm come across to others? How does reflecting on this make you feel, and how do you think your behavior reflects your level of liveliness?
You may include an example if it helps show your typical style.",,"- question reads more like the physical energy they actually display throughout the day instead of their interpretation of others views of their liveliness. 
 - This may vary across genders.",26,20.0,20.0,0.5,0.8,"(3.33, 3.77)","(3.05, 3.75)",4.0,4.0,0.8,0.49
F13,F13Q1,1,yes,F13Q1,group1,3.86,3.9,Selected by higher relevance mean,Question,"Sometimes people hurt or disappoint us—like a friend letting us down, a colleague taking credit, or someone speaking behind our back. In general, when someone hurts or disappoints you like this, how do you usually respond? Are you more likely to forgive the person and rebuild the relationship, or to hold on to the hurt? What usually influences your decision?
If you’d like, you can share an example that reflects what’s most typical for you.","Sometimes people hurt or disappoint us—like a friend letting us down, a colleague taking credit, or someone speaking behind our back. In general, when someone hurts or disappoints you like this, how do you usually respond? Are you more likely to forgive the person and rebuild the relationship, or to hold on to the hurt? What usually influences your decision?
If you’d like, you can share an example that reflects what’s most typical for you.",,"- I just think it is adding too many questions in one; we should break it down to be more direct and clear, to get exactly the answer you need to get. This is more like a double-barreled question, and that could be confusing or overwhelming. 
 - I think it's relevant to forgiveness. 
 - I would move the examples to right after prompting them to share a personal experience in order to get more of a recency effect",27,21.0,21.0,0.29,0.35,"(3.78, 4.03)","(3.71, 4.01)",4.0,4.0,0.93,0.9
F13,F13Q2,2,no,F13Q1,group1,3.81,3.81,,Question,"Sometimes, people who’ve treated us badly—by lying, excluding us, or acting unfairly—later try to reconnect or be friendly again. In general, when that happens, how do you usually respond—are you willing to forgive and allow yourself to reconnect, or do you tend to hold back trust? What kinds of thoughts and feelings usually shape your response?
If helpful, you can describe an example that shows your typical approach.","Sometimes, people who’ve treated us badly—by lying, excluding us, or acting unfairly—later try to reconnect or be friendly again. In general, when that happens, how do you usually respond—are you willing to forgive and allow yourself to reconnect, or do you tend to hold back trust? What kinds of thoughts and feelings usually shape your response?
If helpful, you can describe an example that shows your typical approach.",,"- question is a bit clunky. took me a couple rereads to fully understand
 - Once again, I feel like this is one way more concise and direct, but asking two questions in one could make the reader shift focus and concentrate on one answer, not targeting the entire question. 
 - I think this also deals with forgiveness. 
 - Structure of first sentence was confusing with the use of dash (-). I think using “such as instances when …” or “for example when …”",28,21.0,21.0,0.39,0.39,"(3.64, 3.98)","(3.64, 3.98)",4.0,4.0,0.88,0.88
F14,F14Q1,1,yes,F14Q1,group1,3.62,3.62,Selected by higher relevance mean,Question,"In everyday interactions, people sometimes make mistakes or fall short. In general, when you notice this, how do you usually react—do you tend to be more critical, or more understanding? What do you typically do in response?
If you’d like, you can share an example that shows what feels most typical for you.","In everyday interactions, people sometimes make mistakes or fall short. In general, when you notice this, how do you usually react—do you tend to be more critical, or more understanding? What do you typically do in response?
If you’d like, you can share an example that shows what feels most typical for you.",,"- I would say “when you notice this about yourself” so it’s clear who it’s asking about.
 - What would you do in response?  will elicit info.",29,21.0,21.0,0.72,0.65,"(3.31, 3.93)","(3.34, 3.90)",4.0,4.0,0.58,0.66
F14,F14Q2,2,no,F14Q1,group1,3.43,3.67,,Edited Question,"Sometimes we encounter behaviors or attitudes in others that bother us—like the way they speak, react, or carry themselves. In general, when this happens, how do you usually feel—annoyed and critical, or tolerant and understanding? And how do you usually respond in those moments?
If it helps, you can describe an example that reflects your usual approach.","Sometimes we encounter behaviors or attitudes in others that bother us—like the way they speak, react, or carry themselves. In general, when this happens, how do you usually feel—annoyed and critical, or tolerant and gentle? And how do you usually respond in those moments?
If it helps, you can describe an example that reflects your usual approach.","Sometimes we encounter behaviors or attitudes in others that bother us—like the way they speak, react, or carry themselves. In general, when this happens, how do you usually feel—annoyed and critical, or tolerant and understanding? And how do you usually respond in those moments?
If it helps, you can describe an example that reflects your usual approach.","- I think this is more about emotions in general. 
 - I think the use of the word “gentle” is a little too on the nose",30,21.0,21.0,0.78,0.85,"(3.33, 4.00)","(3.07, 3.79)",4.0,4.0,0.52,0.42
F15,F15Q3,1,yes,F15Q3,group2,3.55,3.65,Selected by higher relevance mean,Question,"In group decisions—like making plans or agreeing on how to do something—people sometimes have strong preferences for their own way of doing things. In general, when your preference is different from others’, how do you usually respond—do you hold firm to your way, or are you more willing to go along with the group?
You might describe a situation that reflects how you usually handle this.","In group decisions—like making plans or agreeing on how to do something—people sometimes have strong preferences for their own way of doing things. In general, when your preference is different from others’, how do you usually respond—do you hold firm to your way, or are you more willing to go along with the group?
You might describe a situation that reflects how you usually handle this.",,"- Same feedback as question 1.
 - Both questions could benefit from a slight prompt asking specifically about emotions or thoughts during these moments to deepen insight.
 - I thought the question might have more to do with clarity and creativity than flexibility",32,20.0,20.0,0.65,0.67,"(3.36, 3.94)","(3.26, 3.84)",4.0,4.0,0.66,0.64
F15,F15Q1,2,no,F15Q3,group2,3.35,3.4,,Edited Question,"In conversations—whether at work, school, or in daily life—people sometimes strongly disagree with us. In general, when this happens, how do you usually respond—do you hold firmly to your view, adjust it, or try to find common ground? Can you give an example that shows what feels most typical for you? If your response tends to differ across situations, you can describe what’s typical in each.","In conversations—whether at work, school, or in daily life—people sometimes strongly disagree with us. In general, when this happens, how do you usually respond—do you hold firmly to your view, adjust it, or try to find common ground?
Can you give an example that shows what feels most typical for you?","In conversations—whether at work, school, or in daily life—people sometimes strongly disagree with us. In general, when this happens, how do you usually respond—do you hold firmly to your view, adjust it, or try to find common ground? Can you give an example that shows what feels most typical for you? If your response tends to differ across situations, you can describe what’s typical in each.","- Personally I think ""—whether at work, school, or in daily life—"" is a bit unnecessary. The depth of the response is largely dependent on the example the person responding can come up with. Everything else in the prompt can be answered in one or two word answers.
 - Applies to all questions ""—"" is proper grammar, but is very commonly used in AI generated responses. To eliminate possible bias from participants, remove.
 - I feel as though the added context of the environments can cause people to change their answers. People don't normally behave in the same ways that they would with their friends versus their behavior at work.",31,20.0,20.0,0.8,0.65,"(3.05, 3.75)","(3.06, 3.64)",4.0,3.0,0.49,0.66
F16,F16Q1,1,yes,F16Q1,group2,3.5,3.65,Relevance tie; selected by higher clarity mean,Edited Question,"In daily life, we often face delays or situations that don’t go as planned—like waiting in a long line, a late appointment, or traffic jams. When this happens to you, what usually goes through your mind, how do you feel, and how do you tend to respond—do you stay calm or react in some way? Can you share an example that shows what feels most typical for you?","In daily life, we often face delays or situations that don’t go as planned—like waiting in a long line, a late appointment, or traffic jams. In general, when this happens, what usually goes through your mind, how do you feel, and how do you tend to respond—do you stay calm or react in some way?
Can you share an example that shows what feels most typical for you?","In daily life, we often face delays or situations that don’t go as planned—like waiting in a long line, a late appointment, or traffic jams. When this happens to you, what usually goes through your mind, how do you feel, and how do you tend to respond—do you stay calm or react in some way? Can you share an example that shows what feels most typical for you?","- Its clear that they want to know how we stay patient if we do.
 - instead of in general maybe start it as ""when this has happens to you""
 - Feels less about patience and more about temperament.",33,20.0,20.0,0.48,0.67,"(3.44, 3.86)","(3.21, 3.79)",4.0,4.0,0.82,0.64
F16,F16Q3,2,no,F16Q1,group2,3.5,3.6,,Question,"Everyday things like joining a meeting or uploading a file can get frustrating when the internet is slow or keeps cutting out. In general, when that happens, how do you usually react—do you stay calm, start to feel irritated, or show your frustration in some way?
What do you think best captures your typical response in moments like this?","Everyday things like joining a meeting or uploading a file can get frustrating when the internet is slow or keeps cutting out. In general, when that happens, how do you usually react—do you stay calm, start to feel irritated, or show your frustration in some way?
What do you think best captures your typical response in moments like this?",,"- Its clear on how they want to know on how we stay calm if we do with things we can't control.
 - instead of listing options of how they might feel and guiding their response simply ask how they feel instead.",34,20.0,20.0,0.66,0.74,"(3.31, 3.89)","(3.17, 3.83)",4.0,4.0,0.65,0.56
F17,F17Q1,1,yes,F17Q1,group1,3.57,3.71,Relevance tie; selected by higher clarity mean,Edited Question,"Some people like to return things to their proper place right after using them, while others naturally leave things out and tidy up later. And some people might feel comfortable with a bit of clutter or even see it as part of their style. In general, during a normal day or week, how do you usually keep track of and maintain order with your things—like notebooks, clothes, bags, or supplies? How do you feel when items are left out of place for a while? Can you share what feels most typical for you?","Some people like to return things to their proper place right after using them, while others leave things out and organize later. In general, during a normal day or week, do you usually put your things away right after using them—like notebooks, clothes, bags, or supplies—or organize them later? How do you usually feel when things are not where they belong?
Can you share what feels most typical for you?","Some people like to return things to their proper place right after using them, while others naturally leave things out and tidy up later. And some people might feel comfortable with a bit of clutter or even see it as part of their style. In general, during a normal day or week, how do you usually keep track of and maintain order with your things—like notebooks, clothes, bags, or supplies? How do you feel when items are left out of place for a while? Can you share what feels most typical for you?","- the word ""later"" can have multiple definitions
 - The question focuses more on the timing of a person's ability to be organized rather than just being organized. It wouldn't be fair to use time to judge an organization ability because other events may require immediate attention, preventing someone from being organized.
 - I think if someone organizes simply at a later time they can still be considered organized so that's why I placed this question at a 3. It can be more specific to how much later-like if it has to pile up versus an hour later after completing an errand. 
 - I think the question stays on track when asking about organization.",35,21.0,21.0,0.55,0.66,"(3.48, 3.95)","(3.29, 3.85)",4.0,4.0,0.76,0.65
F17,F17Q2,2,no,F17Q1,group1,3.57,3.67,,Question,"Before a busy period—like exams, deadlines, or intense work—people manage their space in different ways. When you have a lot going on, what does your room, desk, or bags usually look like? Do you tend to keep things tidy or let them pile up?
It may help to share what you typically do when life gets hectic.","Before a busy period—like exams, deadlines, or intense work—people manage their space in different ways. When you have a lot going on, what does your room, desk, or bags usually look like? Do you tend to keep things tidy or let them pile up?
It may help to share what you typically do when life gets hectic.",,"- I think this also stays on track with organization. 
 - I think it would help to softball it a little more and try to avoid a negative connotation when saying “let things pile up” although I know it’s a very difficult thing to do while keeping the question concise I believe it would lead to more honest answers if the participants don’t believe they’re admitting to “negative” qualities",36,21.0,21.0,0.64,0.58,"(3.39, 3.94)","(3.32, 3.82)",4.0,4.0,0.67,0.73
F18,F18Q1,1,yes,F18Q1,group1,3.57,3.71,Selected by higher relevance mean,Question,"Some people push themselves to do more than required, even when no one is checking, while others do only what’s needed. When you have a task—like a paper, project, or job—how do you usually decide how much effort to put in? What influences your choice, and how much effort do you typically give?
If it helps, you can share an example of a time when you had to decide how much effort to put into something.","Some people push themselves to do more than required, even when no one is checking, while others do only what’s needed. When you have a task—like a paper, project, or job—how do you usually decide how much effort to put in? What influences your choice, and how much effort do you typically give?
If it helps, you can share an example of a time when you had to decide how much effort to put into something.",,"- Some people could be very short about their answers to these questions... ex: #1 (how much effort to put in) - ""how I feel.""  Maybe give them examples and ask them to elaborate... ex: give a short list and make it mandatory to elaborate in the box below to be able to move to the next question.  I really like that they can share an example.
 - It's relevant to how hard someone works.",37,21.0,21.0,0.55,0.66,"(3.48, 3.95)","(3.29, 3.85)",4.0,4.0,0.76,0.65
F18,F18Q2,2,no,F18Q1,group1,3.33,3.76,,Edited Question,"Sometimes when you’re working on something important—like a school assignment, job task, or personal responsibility—you might notice something more enjoyable or easier competing for your attention. In general, how do you usually handle that—do you stay focused, take a break and come back to it, or shift to the more enjoyable thing? You may describe a situation that shows what’s most typical for you.","Sometimes when you’re working on something important—like a school assignment, job task, or personal responsibility—you might feel tempted to stop for something easier or more fun. In general, how do you usually respond in those moments—do you persist until you finish, or do you give in to the temptation?
If helpful, you may describe a situation that shows what’s most typical for you.","Sometimes when you’re working on something important—like a school assignment, job task, or personal responsibility—you might notice something more enjoyable or easier competing for your attention. In general, how do you usually handle that—do you stay focused, take a break and come back to it, or shift to the more enjoyable thing? You may describe a situation that shows what’s most typical for you.","- I think the wording of this question isn’t as good as the first one, I think people who take breaks but then get back to what they were doing would consider that doing something fun when that’s not necessarily what it’s asking.
 - Choices are built in to the question - that's helpful for them.
 - I think it's more so about distractions.
 - I feel people might not answer this honestly, the lack of or low diligence is portrayed too negatively",38,21.0,21.0,0.68,0.94,"(3.47, 4.05)","(2.93, 3.74)",4.0,4.0,0.63,0.29
F19,F19Q3,1,yes,F19Q3,group2,3.45,3.5,Selected by higher relevance mean,Edited Question,"In everyday tasks—like writing, formatting, or organizing—people sometimes notice small things that could be improved, such as spacing, punctuation, or alignment. When you notice these kinds of small flaws in your own work, what usually goes through your mind, and how do you usually feel and respond—do you feel a strong need to correct them, or are you comfortable letting small imperfections stay? Feel free to share what reflects your typical style.","In everyday tasks—like writing, formatting, or organizing—people sometimes notice small things that could be improved, such as spacing, punctuation, or alignment. How do you usually respond when you notice these kinds of small flaws in your own work? What goes through your mind in those moments, and how do you typically feel about what you see? What do you tend to do next—make corrections right away, plan to fix them later, or let them go?
Feel free to share what reflects your typical style.","In everyday tasks—like writing, formatting, or organizing—people sometimes notice small things that could be improved, such as spacing, punctuation, or alignment. When you notice these kinds of small flaws in your own work, what usually goes through your mind, and how do you usually feel and respond—do you feel a strong need to correct them, or are you comfortable letting small imperfections stay? Feel free to share what reflects your typical style.","- ""What do you tend to do next—make corrections right away, plan to fix them later, or let them go?"" This sentence is a bit unclear, considering we are measuring perfectionism. According to the definition, ""Low scorers tolerate some errors in their work and tend to neglect details, whereas high scorers check carefully for mistakes and potential improvements."" How does editing immediately versus later make a difference when the errors will be fixed in the end?
 - consider asking how open they are to others’ suggestions about these small flaws or changes.",40,20.0,20.0,0.59,0.59,"(3.24, 3.76)","(3.19, 3.71)",4.0,3.5,0.72,0.72
F19,F19Q2,2,no,F19Q3,group2,3.4,3.3,,Edited Question,"People differ in how they decide when their work is finished. Some feel it’s complete once the main idea or content is there, while others keep refining until it meets their own standard of precision—even for small details. When you’re working on something, how do you usually decide whether it’s finished or still needs more attention? What usually goes through your mind when you’re making that decision? You can describe an example that shows your usual approach.","People differ in how they decide when their work is finished. Some feel it’s complete once the main idea or content is there, while others keep refining until it meets their own standard of precision—even for small details. Which approach feels most natural to you? What kinds of thoughts usually go through your mind as you decide whether your work is “good enough” or still needs more attention?
If you’d like, you can describe an example that shows your usual approach.","People differ in how they decide when their work is finished. Some feel it’s complete once the main idea or content is there, while others keep refining until it meets their own standard of precision—even for small details. When you’re working on something, how do you usually decide whether it’s finished or still needs more attention? What usually goes through your mind when you’re making that decision? You can describe an example that shows your usual approach.","-  I don't think the question such as ""Which approach feels most natural to you?"" should be deleted or more clarified as the wording of the question can be a bit confusing for the reader undertesting the meaning of that question. 
 - I prefer question 3 I think.
 - The hypothetical questions would most likely do well to measure perfectionism; however, the last part of the question -- do you want them to answer with an example or not?",39,20.0,20.0,0.78,0.8,"(2.96, 3.64)","(3.05, 3.75)",3.5,4.0,0.51,0.49
F20,F20Q1,1,yes,F20Q1,group2,3.45,3.3,Selected by higher relevance mean,Edited Question,"Sometimes situations arise that might trigger a strong emotional response—such as feeling provoked, pressured, or taken by surprise. When situations like these happen, do you usually pause to think things through, or act quickly on your impulses? What kinds of thoughts and feelings typically guide your response in those moments? You might describe a situation that reflects how you usually respond.","Sometimes situations arise that might trigger a strong emotional response—such as feeling provoked, pressured, or taken by surprise. When situations like these happen, do you usually pause to think things through, or act quickly on your impulses? What kinds of thoughts and feelings typically guide your response in those moments, and how do you usually feel afterward about the way you handled it?
If it helps, you might describe a situation that reflects how you usually respond.","Sometimes situations arise that might trigger a strong emotional response—such as feeling provoked, pressured, or taken by surprise. When situations like these happen, do you usually pause to think things through, or act quickly on your impulses? What kinds of thoughts and feelings typically guide your response in those moments? You might describe a situation that reflects how you usually respond.","- Concern: ""..., and how do you usually feel afterward about the way you handled it?"" - How is this relavent to prudence?
 - Consider breaking into two shorter questions to improve focus and ease of response.",41,20.0,20.0,0.78,0.5,"(2.96, 3.64)","(3.23, 3.67)",3.5,3.0,0.51,0.8
F20,F20Q2,2,no,F20Q1,group2,3.25,3.53,,Question,"Sometimes we feel a strong urge to speak, act, or decide quickly—maybe because of frustration, excitement, or pressure—but we also have a chance to pause and think it through. When situations like these happen, how do you usually respond—do you tend to act right away, or take a moment to consider the consequences before deciding?
You could think of an example that shows what’s most typical for you, if one comes to mind.","Sometimes we feel a strong urge to speak, act, or decide quickly—maybe because of frustration, excitement, or pressure—but we also have a chance to pause and think it through. When situations like these happen, how do you usually respond—do you tend to act right away, or take a moment to consider the consequences before deciding?
You could think of an example that shows what’s most typical for you, if one comes to mind.",,"- giving the solution will make a response play more towards that desired quality. it would not be an honest assessment of this construct.
 - I think many people can interpret this question as having a ""right"" answer and just say what they think the interviewer wants to hear",42,19.0,20.0,0.68,0.7,"(3.22, 3.83)","(2.94, 3.56)",4.0,3.0,0.63,0.61
F21,F21Q1,1,yes,F21Q1,group1,3.81,3.86,Selected by higher relevance mean,Question,"When you’re in a natural setting—like on a hike, in a park, or looking at a scenic view—how do you usually respond? Do you tend to pause and appreciate it, talk about it, take a photo, or move on without much notice? How do those settings typically make you feel?
If you’d like, you can share an example that reflects what’s most typical for you.","When you’re in a natural setting—like on a hike, in a park, or looking at a scenic view—how do you usually respond? Do you tend to pause and appreciate it, talk about it, take a photo, or move on without much notice? How do those settings typically make you feel?
If you’d like, you can share an example that reflects what’s most typical for you.",,,43,21.0,21.0,0.35,0.5,"(3.71, 4.01)","(3.60, 4.02)",4.0,4.0,0.9,0.8
F21,F21Q2,2,no,F21Q1,group1,3.76,3.76,,Question,"People differ in how much they take notice of and enjoy beauty in art or in nature. In general, how do you usually respond when you encounter a painting, piece of music, or a natural scene that others might find beautiful? Do you tend to become absorbed and moved by it, or not pay much attention? What thoughts and feelings typically come up for you in those moments?
You might describe an example that shows how you usually respond.","People differ in how much they take notice of and enjoy beauty in art or in nature. In general, how do you usually respond when you encounter a painting, piece of music, or a natural scene that others might find beautiful? Do you tend to become absorbed and moved by it, or not pay much attention? What thoughts and feelings typically come up for you in those moments?
You might describe an example that shows how you usually respond.",,"- Forces them to elaborate, giving information.
 - I think it's relevant because it's asking about how one feels about the art.
 - I think having a middle ground between absorbed and not paying attention might allow people to be more honest.",44,21.0,21.0,0.53,0.43,"(3.54, 3.99)","(3.58, 3.94)",4.0,4.0,0.78,0.85
F22,F22Q2,1,yes,F22Q2,group1,3.76,3.86,Selected by higher relevance mean,Edited Question,"People often come across things they don’t fully understand—like a scientific idea, a piece of history, or how something works in daily life. In general, how do you usually react when you find something unfamiliar that catches your attention, such as looking into it, asking questions, or letting it go?
If it helps, you can describe an example that reflects your usual response.","People often come across things they don’t fully understand—like a scientific idea, a piece of history, or how something works in daily life. In general, how do you usually react when you find something unfamiliar that catches your attention—do you look into it, ask questions, or just let it go, etc?
If it helps, you can describe an example that reflects your usual response.","People often come across things they don’t fully understand—like a scientific idea, a piece of history, or how something works in daily life. In general, how do you usually react when you find something unfamiliar that catches your attention, such as looking into it, asking questions, or letting it go?
If it helps, you can describe an example that reflects your usual response.","- Same as above.  When you give them example responses, that's all the info you might get from them.
 - Still deals with seeking out information.",45,21.0,21.0,0.35,0.43,"(3.71, 4.01)","(3.58, 3.94)",4.0,4.0,0.9,0.85
F22,F22Q3,2,no,F22Q2,group1,3.67,3.86,,Question,"In everyday life, we sometimes encounter new things—like ideas we haven’t heard before, topics we haven’t studied, or places we haven’t visited. When situations like these happen, how do you usually react—do you feel curious and want to explore or learn more, or do you tend to stay with what’s familiar? Can you share an example that shows how you responded?","In everyday life, we sometimes encounter new things—like ideas we haven’t heard before, topics we haven’t studied, or places we haven’t visited. When situations like these happen, how do you usually react—do you feel curious and want to explore or learn more, or do you tend to stay with what’s familiar? Can you share an example that shows how you responded?",,"- These questions read as almost exactly the same. I think they are all clear and relevant, however there might be benefit to rewriting some of them to cover more facets of inquisitiveness. 
 - I feel as if this question is more vague compared to the first two.
 - This is better, but again, just say, ""share an example of...""",46,21.0,21.0,0.35,0.56,"(3.71, 4.01)","(3.43, 3.91)",4.0,4.0,0.9,0.75
F23,F23Q2,1,yes,F23Q2,group2,3.35,3.65,Relevance tie; selected by higher clarity mean,Question,"When people face a challenge, some stick with familiar solutions, while others try new approaches. When you face a challenge, how do you usually respond, and what tends to guide that choice?
Feel free to share an example if one comes to mind.","When people face a challenge, some stick with familiar solutions, while others try new approaches. When you face a challenge, how do you usually respond, and what tends to guide that choice?
Feel free to share an example if one comes to mind.",,"- This prompt, in my opinion, will lead to a less creative response. Although, it is very clear what it is asking, the response can be short. The optional ""feel free to share"" response limits many responses you might receive.",48,20.0,20.0,0.65,0.79,"(3.36, 3.94)","(3.00, 3.70)",4.0,3.5,0.66,0.5
F23,F23Q1,2,no,F23Q2,group2,3.35,3.63,,Question,"When you’re doing a task—at school, at work, or in daily life—you can either follow instructions or come up with your own way of doing it. In general, how do you usually approach such tasks? Do you prefer to follow standard methods, or do you feel interested in trying something different when possible? What thoughts and feelings typically guide your choice?
Can you share an example that shows how you usually handle this?","When you’re doing a task—at school, at work, or in daily life—you can either follow instructions or come up with your own way of doing it. In general, how do you usually approach such tasks? Do you prefer to follow standard methods, or do you feel interested in trying something different when possible? What thoughts and feelings typically guide your choice?
Can you share an example that shows how you usually handle this?",,"- Although the first part of the prompt can lend itself to a minimal word answer, the ""What thoughts and feelings typically guide your choice?"" question really opens this up to be a more creatively directed answer. 
 - Might be a tad too broad IMO",47,19.0,20.0,0.58,0.79,"(3.37, 3.89)","(3.00, 3.70)",4.0,3.5,0.73,0.5
F24,F24Q3,1,yes,F24Q3,group2,3.53,3.53,Selected by higher relevance mean,Question,"In conversations or media, we sometimes come across viewpoints or practices that challenge traditional norms or beliefs. How do you usually react when something like that happens? Do you feel open, curious, resistant, offended, or indifferent? What thoughts or emotions typically come up, and how do you tend to respond—by discussing, researching, or letting it go?
If it helps, you can share an example that shows what’s most typical for you.","In conversations or media, we sometimes come across viewpoints or practices that challenge traditional norms or beliefs. How do you usually react when something like that happens? Do you feel open, curious, resistant, offended, or indifferent? What thoughts or emotions typically come up, and how do you tend to respond—by discussing, researching, or letting it go?
If it helps, you can share an example that shows what’s most typical for you.",,,50,19.0,19.0,0.68,0.6,"(3.22, 3.83)","(3.26, 3.79)",4.0,4.0,0.63,0.72
F24,F24Q1,2,no,F24Q3,group2,3.47,3.58,,Question,"Sometimes people hear ideas that go strongly against common views—like unusual life choices, alternative beliefs, or unexpected theories. If someone shares an idea like that with you, how do you usually respond? Do you tend to feel curious, skeptical, uncomfortable, or something else, and what do you typically do?","Sometimes people hear ideas that go strongly against common views—like unusual life choices, alternative beliefs, or unexpected theories. If someone shares an idea like that with you, how do you usually respond? Do you tend to feel curious, skeptical, uncomfortable, or something else, and what do you typically do?",,"- I think the question should be a bit more direct and clearer about their question and add a little more the question such as ""If someone from a different cultural background came to you and share their religious holidays how would you respond?"" and other topics to add within the question to make the reader engage in more responses to different situations. 
 - the last part of the question is redundant because a response would usually be an action done. unless the question is asking about physical responses and/or verbal responses, which should made be clear. ""... what do you typically do about it?""0
 - would not give a list of potential feelings.",49,19.0,19.0,0.59,0.68,"(3.31, 3.84)","(3.17, 3.78)",4.0,4.0,0.72,0.63
